{"cameraMode":{"drawMode":0,"name":"Shaded","section":"Shading Mode"},"sceneLighting":true,"audioPlay":false,"sceneViewState":{"m_AlwaysRefresh":false,"showFog":true,"showSkybox":true,"showFlares":true,"showImageEffects":true,"showParticleSystems":true,"showVisualEffectGraphs":true,"m_FxEnabled":true},"in2DMode":false,"pivot":{"x":243.68820190429688,"y":156.5198974609375,"z":-523.1223754882813},"rotation":{"x":0.06914669275283814,"y":0.054463475942611697,"z":-0.003781112376600504,"w":0.9961109161376953},"size":58.342315673828128,"orthographic":false}